-- MySQL dump 10.13  Distrib 8.0.12, for Win64 (x86_64)
--
-- Host: 127.0.0.1    Database: cms
-- ------------------------------------------------------
-- Server version	8.0.12

/*!40101 SET @OLD_CHARACTER_SET_CLIENT=@@CHARACTER_SET_CLIENT */;
/*!40101 SET @OLD_CHARACTER_SET_RESULTS=@@CHARACTER_SET_RESULTS */;
/*!40101 SET @OLD_COLLATION_CONNECTION=@@COLLATION_CONNECTION */;
 SET NAMES utf8 ;
/*!40103 SET @OLD_TIME_ZONE=@@TIME_ZONE */;
/*!40103 SET TIME_ZONE='+00:00' */;
/*!40014 SET @OLD_UNIQUE_CHECKS=@@UNIQUE_CHECKS, UNIQUE_CHECKS=0 */;
/*!40014 SET @OLD_FOREIGN_KEY_CHECKS=@@FOREIGN_KEY_CHECKS, FOREIGN_KEY_CHECKS=0 */;
/*!40101 SET @OLD_SQL_MODE=@@SQL_MODE, SQL_MODE='NO_AUTO_VALUE_ON_ZERO' */;
/*!40111 SET @OLD_SQL_NOTES=@@SQL_NOTES, SQL_NOTES=0 */;

--
-- Table structure for table `cust`
--

DROP TABLE IF EXISTS `cust`;
/*!40101 SET @saved_cs_client     = @@character_set_client */;
 SET character_set_client = utf8mb4 ;
CREATE TABLE `cust` (
  `cust_id` int(32) NOT NULL AUTO_INCREMENT,
  `cust_name` varchar(50) DEFAULT NULL COMMENT '客户名称',
  `cust_user_id` int(32) DEFAULT NULL COMMENT '一个外键,负责人id',
  `cust_create_id` int(32) DEFAULT NULL,
  `cust_source` varchar(50) DEFAULT NULL,
  `cust_industry` varchar(50) DEFAULT NULL,
  `cust_level` varchar(32) DEFAULT NULL,
  `cust_linkman` varchar(50) DEFAULT NULL,
  `cust_phone` varchar(64) DEFAULT NULL,
  `cust_mobile` varchar(16) DEFAULT NULL,
  `cust_zipcode` varchar(10) DEFAULT NULL,
  `cust_address` varchar(100) DEFAULT NULL,
  `cust_createtime` datetime DEFAULT NULL,
  PRIMARY KEY (`cust_id`),
  KEY `cust_user_id` (`cust_user_id`),
  CONSTRAINT `cust_ibfk_1` FOREIGN KEY (`cust_user_id`) REFERENCES `user` (`user_id`)
) ENGINE=InnoDB AUTO_INCREMENT=180 DEFAULT CHARSET=utf8;
/*!40101 SET character_set_client = @saved_cs_client */;

--
-- Dumping data for table `cust`
--

LOCK TABLES `cust` WRITE;
/*!40000 ALTER TABLE `cust` DISABLE KEYS */;
INSERT INTO `cust` VALUES (1,'赵日天',1,1,'电话营销','电子商务','普通客户','王八','020-8888888','13333333333','524500','广东省广州市','2018-11-03 00:00:00'),(2,'关二哥',2,2,'电话营销','电子商务','普通客户','王八','020-8884888','13333933333','523500','广东省广州市','2018-11-03 00:00:00'),(3,'张三飞',3,3,'电话营销','电子商务','VIP客户','王八','020-8388888','13333383333','524500','广东省广州市','2018-11-03 00:00:00'),(14,'小张',1,1,'7','3','23','小雪','010-88888887','13848399998','100096','北京昌平区西三旗','2016-04-08 16:32:01'),(15,'小韩',1,2,'7','3','23','小雪','010-88888887','13888888888','100096','北京昌平区西三旗','2016-04-08 16:32:01'),(16,'小李',1,3,'6','2','22','小雪','010-88888887','13888888888','100096','北京昌平区西三旗','2016-04-08 16:32:01'),(17,'小赵',1,4,'6','4','23','小雪','010-88888887','13888888888','100096','北京昌平区西三旗','2016-04-08 16:32:02'),(22,'小明',1,3,'6','2','23','小雪','010-88888887','13888888888','100096','北京昌平区西三旗','2016-04-08 16:32:03'),(24,'小伟',1,2,'7','5','22','小雪','010-88888887','13888888888','100096','北京昌平区西三旗','2016-04-08 16:32:03'),(25,'Tom',1,3,'6','2','22','小雪','010-88888887','13888888888','100096','北京昌平区西三旗','2016-04-08 16:32:03'),(26,'jack',1,2,'6','2','22','小雪','010-88888887','13888888888','100096','北京昌平区西三旗','2016-04-08 16:32:03'),(28,'Rose',1,2,'6','2','22','小雪','010-88888887','13888888888','100096','北京昌平区西三旗','2016-04-08 16:32:04'),(29,'小韩',1,1,'7','1','23','小雪','010-88888886','13888888886','100096','北京昌平区西三旗','2016-04-08 16:32:04'),(30,'小叶',1,2,'6','2','23','小雪','010-88888887','13888888888','100096','北京昌平区西三旗','2016-04-08 16:32:04'),(31,'小韩',1,4,'7','1','22','小雪','010-88888887','13888888888','100096','北京昌平区西三旗','2016-04-08 16:32:04'),(33,'小海',1,3,'6','2','22','小雪','010-88888887','13888888888','100096','北京昌平区西三旗','2016-04-08 16:32:04'),(34,'小韩',1,4,'6','2','22','小雪','010-88888887','13888888888','100096','北京昌平区西三旗','2016-04-08 16:32:05'),(35,'小姜',1,3,'6','2','22','小雪','010-88888887','13888888888','100096','北京昌平区西三旗','2016-04-08 16:32:05'),(36,'小韩',1,4,'6','2','22','小雪','010-88888887','13888888888','100096','北京昌平区西三旗','2016-04-08 16:32:05'),(37,'小梦',1,3,'6','2','22','小雪','010-88888887','13888888888','100096','北京昌平区西三旗','2016-04-08 16:32:05'),(38,'小孙',1,3,'6','2','22','小雪','010-88888887','13888888888','100096','北京昌平区西三旗','2016-04-08 16:32:05'),(39,'小韩',1,3,'6','2','22','小雪','010-88888887','13888888888','100096','北京昌平区西三旗','2016-04-08 16:32:06'),(40,'小韩',1,3,'6','2','22','小雪','010-88888887','13888888888','100096','北京昌平区西三旗','2016-04-08 16:32:06'),(41,'小韩',1,2,'6','2','22','小雪','010-88888887','13888888888','100096','北京昌平区西三旗','2016-04-08 16:32:06'),(42,'小韩',1,1,'6','2','22','小雪','010-88888887','13888888888','100096','北京昌平区西三旗','2016-04-08 16:32:06'),(43,'小韩',1,2,'6','2','22','小雪','010-88888887','13888888888','100096','北京昌平区西三旗','2016-04-08 16:32:06'),(44,'小韩',1,3,'6','2','22','小雪','010-88888887','13888888888','100096','北京昌平区西三旗','2016-04-08 16:32:07'),(45,'小韩',1,3,'6','2','22','小雪','010-88888887','13888888888','100096','北京昌平区西三旗','2016-04-08 16:32:07'),(46,'小韩',1,4,'6','2','22','小雪','010-88888887','13888888888','100096','北京昌平区西三旗','2016-04-08 16:32:07'),(47,'小韩',1,4,'6','2','22','小雪','010-88888887','13888888888','100096','北京昌平区西三旗','2016-04-08 16:32:07'),(48,'小高',1,5,'6','2','22','小雪','010-88888887','13888888888','100096','北京昌平区西三旗','2016-04-08 16:32:07'),(49,'小韩',1,4,'6','2','22','小雪','010-88888887','13888888888','100096','北京昌平区西三旗','2016-04-08 16:32:07'),(50,'小钱',1,3,'6','2','22','小雪','010-88888887','13888888888','100096','北京昌平区西三旗','2016-04-08 16:32:08'),(51,'小韩',2,2,'6','2','22','小雪','010-88888887','13888888888','100096','北京昌平区西三旗','2016-04-08 16:32:08'),(52,'小周',2,2,'6','2','22','小雪','010-88888887','13888888888','100096','北京昌平区西三旗','2016-04-08 16:32:08'),(53,'小韩',2,1,'6','2','22','小雪','010-88888887','13888888888','100096','北京昌平区西三旗','2016-04-08 16:32:08'),(54,'小丽',2,1,'6','2','22','小雪','010-88888887','13888888888','100096','北京昌平区西三旗','2016-04-08 16:32:08'),(55,'小韩',2,1,'6','2','22','小雪','010-88888887','13888888888','100096','北京昌平区西三旗','2016-04-08 16:32:08'),(56,'小韩',2,2,'6','2','22','小雪','010-88888887','13888888888','100096','北京昌平区西三旗','2016-04-08 16:32:09'),(57,'小韩',2,2,'6','2','22','小雪','010-88888887','13888888888','100096','北京昌平区西三旗','2016-04-08 16:32:09'),(58,'张三',2,2,'6','2','22','小雪','010-88888887','13888888888','100096','北京昌平区西三旗','2016-04-08 16:32:09'),(59,'李四',2,3,'6','2','22','小雪','010-88888887','13888888888','100096','北京昌平区西三旗','2016-04-08 16:32:29'),(60,'小韩',2,3,'6','2','22','小雪','010-88888887','13888888888','100096','北京昌平区西三旗','2016-04-08 16:32:29'),(61,'小韩',3,3,'6','2','22','小雪','010-88888887','13888888888','100096','北京昌平区西三旗','2016-04-08 16:32:29'),(62,'小韩',3,4,'6','2','22','小雪','010-88888887','13888888888','100096','北京昌平区西三旗','2016-04-08 16:32:29'),(63,'小韩',3,4,'6','2','22','小雪','010-88888887','13888888888','100096','北京昌平区西三旗','2016-04-08 16:32:30'),(64,'小韩',3,4,'6','2','22','小雪','010-88888887','13888888888','100096','北京昌平区西三旗','2016-04-08 16:32:30'),(65,'王五',3,4,'6','2','22','小雪','010-88888887','13888888888','100096','北京昌平区西三旗','2016-04-08 16:32:30'),(66,'小韩',3,3,'6','2','22','小雪','010-88888887','13888888888','100096','北京昌平区西三旗','2016-04-08 16:32:30'),(67,'小韩',3,3,'6','2','22','小雪','010-88888887','13888888888','100096','北京昌平区西三旗','2016-04-08 16:32:30'),(68,'赵六',3,4,'6','2','22','小雪','010-88888887','13888888888','100096','北京昌平区西三旗','2016-04-08 16:32:30'),(69,'小韩',3,2,'6','2','22','小雪','010-88888887','13888888888','100096','北京昌平区西三旗','2016-04-08 16:32:31'),(70,'小韩',3,1,'6','2','22','小雪','010-88888887','13888888888','100096','北京昌平区西三旗','2016-04-08 16:32:31'),(71,'小韩',3,2,'6','2','22','小雪','010-88888887','13888888888','100096','北京昌平区西三旗','2016-04-08 16:32:31'),(72,'小韩',3,3,'6','2','22','小雪','010-88888887','13888888888','100096','北京昌平区西三旗','2016-04-08 16:32:31'),(73,'小七',3,2,'6','2','22','小雪','010-88888887','13888888888','100096','北京昌平区西三旗','2016-04-08 16:32:31'),(74,'小韩',3,4,'6','2','22','小雪','010-88888887','13888888888','100096','北京昌平区西三旗','2016-04-08 16:32:32'),(75,'小韩',3,3,'6','2','22','小雪','010-88888887','13888888888','100096','北京昌平区西三旗','2016-04-08 16:32:32'),(76,'小韩',3,2,'6','2','22','小雪','010-88888887','13888888888','100096','北京昌平区西三旗','2016-04-08 16:32:32'),(77,'小韩',3,4,'6','2','22','小雪','010-88888887','13888888888','100096','北京昌平区西三旗','2016-04-08 16:32:32'),(78,'小郑',3,3,'6','2','22','小雪','010-88888887','13888888888','100096','北京昌平区西三旗','2016-04-08 16:32:32'),(79,'小韩',3,4,'6','2','22','小雪','010-88888887','13888888888','100096','北京昌平区西三旗','2016-04-08 16:32:32'),(80,'小韩',3,2,'6','2','22','小雪','010-88888887','13888888888','100096','北京昌平区西三旗','2016-04-08 16:32:33'),(81,'小韩',3,4,'6','2','22','小雪','010-88888887','13888888888','100096','北京昌平区西三旗','2016-04-08 16:32:33'),(82,'小吴',3,4,'6','2','22','小雪','010-88888887','13888888888','100096','北京昌平区西三旗','2016-04-08 16:32:33'),(83,'小韩',3,4,'6','2','22','小雪','010-88888887','13888888888','100096','北京昌平区西三旗','2016-04-08 16:32:33'),(144,'小韩',3,4,'6','2','22','小雪','010-88888887','13888888888','100096','北京昌平区西三旗','2016-04-08 16:32:44'),(145,'小韩',3,3,'6','2','22','小雪','010-88888887','13888888888','100096','北京昌平区西三旗','2016-04-08 16:32:44'),(146,'小韩',3,2,'6','2','22','小雪','010-88888887','13888888888','100096','北京昌平区西三旗','2016-04-08 16:32:44'),(147,'小韩',3,2,'6','2','22','小雪','010-88888887','13888888888','100096','北京昌平区西三旗','2016-04-08 16:32:45'),(148,'小韩',3,1,'6','2','22','小雪','010-88888887','13888888888','100096','北京昌平区西三旗','2016-04-08 16:32:45'),(149,'小韩',3,3,'6','2','22','小雪','010-88888887','13888888888','100096','北京昌平区西三旗','2016-04-08 16:32:45'),(150,'小韩',3,3,'6','2','22','小雪','010-88888887','13888888888','100096','北京昌平区西三旗','2016-04-08 16:32:45'),(151,'小韩',3,3,'6','2','22','小雪','010-88888887','13888888888','100096','北京昌平区西三旗','2016-04-08 16:32:45'),(152,'小韩',3,3,'6','2','22','小雪','010-88888887','13888888888','100096','北京昌平区西三旗','2016-04-08 16:32:46'),(153,'晶晶',3,3,'6','2','22','小雪','010-88888887','13888888888','100096','北京昌平区西三旗','2016-04-08 16:32:46'),(154,'倩倩',3,4,'6','2','22','小雪','010-88888887','13888888888','100096','北京昌平区西三旗','2016-04-08 16:32:46'),(155,'小韩',3,2,'6','2','22','小雪','010-88888887','13888888888','100096','北京昌平区西三旗','2016-04-08 16:32:46'),(156,'小韩',3,4,'6','2','22','小雪','010-88888887','13888888888','100096','北京昌平区西三旗','2016-04-08 16:32:46'),(157,'小韩',3,3,'6','2','22','小雪','010-88888887','13888888888','100096','北京昌平区西三旗','2016-04-08 16:32:46'),(158,'小韩',3,1,'6','2','22','小雪','010-88888887','13888888888','100096','北京昌平区西三旗','2016-04-08 16:32:47'),(159,'小韩',3,2,'6','2','22','小雪','010-88888887','13888888888','100096','北京昌平区西三旗','2016-04-08 16:32:47'),(160,'小韩',3,3,'6','2','22','小雪','010-88888887','13888888888','100096','北京昌平区西三旗','2016-04-08 16:32:47'),(161,'小韩',3,4,'6','2','22','小雪','010-88888887','13888888888','100096','北京昌平区西三旗','2016-04-08 16:32:47'),(171,'小韩',3,3,'7','1','23','小雪','010-8235438','13755555555','100000','北京昌平区西三旗','2017-05-05 10:23:07'),(172,'小韩',3,2,'6','2','22','小雪','010-0000000','13288546521','100859','北京昌平区西三旗','2017-05-05 10:51:08'),(173,'小洛',3,1,'6','1','22','小雪','01062872234','13521023333','100000','北京昌平区西三旗','2017-05-05 10:57:09'),(174,'小月',3,1,'6','1','22','小雪','0482-8235438','13848399998','137400','内蒙古兴安盟乌兰浩特市','2017-05-05 11:33:27'),(175,'小韩',3,1,'6','1','22','小石','0791-88130000','15179105961','330098','江西省南昌市瑶湖高校园区','2017-05-05 13:17:11'),(176,'小智',3,1,'7','1','23','小黑','400-618-4000','13520203625','100091','北京市海淀区','2017-05-16 15:49:07'),(177,'小程',3,1,'6','1','23','小韩','010-88886616','13718026541','100000','北京市昌平区','2017-05-16 16:25:59');
/*!40000 ALTER TABLE `cust` ENABLE KEYS */;
UNLOCK TABLES;

--
-- Table structure for table `dict`
--

DROP TABLE IF EXISTS `dict`;
/*!40101 SET @saved_cs_client     = @@character_set_client */;
 SET character_set_client = utf8mb4 ;
CREATE TABLE `dict` (
  `dict_id` int(32) NOT NULL AUTO_INCREMENT,
  `dict_type_code` varchar(10) DEFAULT NULL COMMENT '数据字典类别代码',
  `dict_type_name` varchar(50) DEFAULT NULL COMMENT '数据字典类别名称',
  `dict_item_name` varchar(50) DEFAULT NULL COMMENT '数据字典项目名称',
  `dict_item_code` varchar(10) DEFAULT NULL COMMENT '数据字典项目代码(可为空)',
  `dict_sort` int(10) DEFAULT NULL COMMENT '排序字段',
  `dict_enable` varchar(1) DEFAULT NULL COMMENT '是否可用,1为可用,0为不可用',
  `dict_memo` varchar(100) DEFAULT NULL COMMENT '备注',
  PRIMARY KEY (`dict_id`)
) ENGINE=InnoDB AUTO_INCREMENT=36 DEFAULT CHARSET=utf8;
/*!40101 SET character_set_client = @saved_cs_client */;

--
-- Dumping data for table `dict`
--

LOCK TABLES `dict` WRITE;
/*!40000 ALTER TABLE `dict` DISABLE KEYS */;
INSERT INTO `dict` VALUES (1,'001','客户行业','教育培训 ',NULL,1,'1',NULL),(2,'001','客户行业','电子商务',NULL,2,'1',NULL),(3,'001','客户行业','对外贸易',NULL,3,'1',NULL),(4,'001','客户行业','酒店旅游',NULL,4,'1',NULL),(5,'001','客户行业','房地产',NULL,5,'1',NULL),(6,'002','客户信息来源','电话营销',NULL,1,'1',NULL),(7,'002','客户信息来源','网络营销',NULL,2,'1',NULL),(8,'003','公司性质','合资',NULL,1,'1',NULL),(9,'003','公司性质','国企',NULL,2,'1',NULL),(10,'003','公司性质','民企',NULL,3,'1',NULL),(12,'004','年营业额','1-10万',NULL,1,'1',NULL),(13,'004','年营业额','10-20万',NULL,2,'1',NULL),(14,'004','年营业额','20-50万',NULL,3,'1',NULL),(15,'004','年营业额','50-100万',NULL,4,'1',NULL),(16,'004','年营业额','100-500万',NULL,5,'1',NULL),(17,'004','年营业额','500-1000万',NULL,6,'1',NULL),(18,'005','客户状态','基础客户',NULL,1,'1',NULL),(19,'005','客户状态','潜在客户',NULL,2,'1',NULL),(20,'005','客户状态','成功客户',NULL,3,'1',NULL),(21,'005','客户状态','无效客户',NULL,4,'1',NULL),(22,'006','客户级别','普通客户',NULL,1,'1',NULL),(23,'006','客户级别','VIP客户',NULL,2,'1',NULL),(24,'007','商机状态','意向客户',NULL,1,'1',NULL),(25,'007','商机状态','初步沟通',NULL,2,'1',NULL),(26,'007','商机状态','深度沟通',NULL,3,'1',NULL),(27,'007','商机状态','签订合同',NULL,4,'1',NULL),(30,'008','商机类型','新业务',NULL,1,'1',NULL),(31,'008','商机类型','现有业务',NULL,2,'1',NULL),(32,'009','商机来源','电话营销',NULL,1,'1',NULL),(33,'009','商机来源','网络营销',NULL,2,'1',NULL),(34,'009','商机来源','推广活动',NULL,3,'1',NULL);
/*!40000 ALTER TABLE `dict` ENABLE KEYS */;
UNLOCK TABLES;

--
-- Table structure for table `user`
--

DROP TABLE IF EXISTS `user`;
/*!40101 SET @saved_cs_client     = @@character_set_client */;
 SET character_set_client = utf8mb4 ;
CREATE TABLE `user` (
  `user_id` int(32) NOT NULL AUTO_INCREMENT,
  `user_code` varchar(32) DEFAULT NULL,
  `user_name` varchar(50) DEFAULT NULL,
  `user_password` varchar(32) DEFAULT NULL,
  `user_state` varchar(1) DEFAULT NULL,
  PRIMARY KEY (`user_id`),
  UNIQUE KEY `user_code` (`user_code`)
) ENGINE=InnoDB AUTO_INCREMENT=6 DEFAULT CHARSET=utf8;
/*!40101 SET character_set_client = @saved_cs_client */;

--
-- Dumping data for table `user`
--

LOCK TABLES `user` WRITE;
/*!40000 ALTER TABLE `user` DISABLE KEYS */;
INSERT INTO `user` VALUES (1,'m0001','小韩','123','1'),(2,'m0002','小雪','123','1'),(3,'m0003','小石头','123','1'),(5,'m0004','小陈','123','1');
/*!40000 ALTER TABLE `user` ENABLE KEYS */;
UNLOCK TABLES;
/*!40103 SET TIME_ZONE=@OLD_TIME_ZONE */;

/*!40101 SET SQL_MODE=@OLD_SQL_MODE */;
/*!40014 SET FOREIGN_KEY_CHECKS=@OLD_FOREIGN_KEY_CHECKS */;
/*!40014 SET UNIQUE_CHECKS=@OLD_UNIQUE_CHECKS */;
/*!40101 SET CHARACTER_SET_CLIENT=@OLD_CHARACTER_SET_CLIENT */;
/*!40101 SET CHARACTER_SET_RESULTS=@OLD_CHARACTER_SET_RESULTS */;
/*!40101 SET COLLATION_CONNECTION=@OLD_COLLATION_CONNECTION */;
/*!40111 SET SQL_NOTES=@OLD_SQL_NOTES */;

-- Dump completed on 2018-11-08 15:59:17
